<?xml version="1.0" encoding="UTF-8"?>
<!DOCTYPE coverity SYSTEM "config.dtd">
<coverity>

<metrics>
    <metric>
        <name>time</name>
        <value>673</value>
    </metric>
    <metric>
        <name>args</name>
        <value>D:\a\subconverter\subconverter\coverity_tool\cov-analysis-win64-2024.12.1\bin\cov-build.exe --dir cov-int bash -lc ./scripts/build.windows.release.sh VERBOSE=1</value>
    </metric>
    <metric>
        <name>host</name>
        <value>runnervmmu5y5</value>
    </metric>
    <metric>
        <name>short-platform</name>
        <value>win64</value>
    </metric>
    <metric>
        <name>platform</name>
        <value>Windows Server Server Datacenter (full installation), 64-bit (build 26100)</value>
    </metric>
    <metric>
        <name>ident</name>
        <value>2024.12.1 (build 3c60fc625b p-2024.12-push-36)</value>
    </metric>
    <metric>
        <name>user</name>
        <value>runneradmin</value>
    </metric>
    <metric>
        <name>cwd</name>
        <value>D:\a\subconverter\subconverter</value>
    </metric>
    <metric>
        <name>config</name>
        <value>D:\a\subconverter\subconverter\coverity_tool\cov-analysis-win64-2024.12.1\config\coverity_config.xml</value>
    </metric>
    <metric>
        <name>intermediatedir</name>
        <value>D:\a\subconverter\subconverter\cov-int</value>
    </metric>
    <metric>
        <name>outputdir</name>
        <value>D:\a\subconverter\subconverter\cov-int\output</value>
    </metric>
    <metric>
        <name>emitdir</name>
        <value>D:\a\subconverter\subconverter\cov-int\emit</value>
    </metric>
    <metric>
        <name>force</name>
        <value>no</value>
    </metric>
    <metric>
        <name>cygwin</name>
        <value>no</value>
    </metric>
    <metric>
        <name>failures</name>
        <value>37</value>
    </metric>
    <metric>
        <name>successes</name>
        <value>237</value>
    </metric>
    <metric>
        <name>recoverable-errors</name>
        <value>217</value>
    </metric>
    <metric>
        <name>dotnet-webapps-detected</name>
        <value>0</value>
    </metric>
    <metric>
        <name>dotnet-webapp-successes</name>
        <value>0</value>
    </metric>
    <metric>
        <name>dotnet-webapp-compilation-secs</name>
        <value>0</value>
    </metric>
    <metric>
        <name>security-da-ms</name>
        <value>141</value>
    </metric>
    <metric>
        <name>buildcmd</name>
        <value>bash.exe -lc ./scripts/build.windows.release.sh VERBOSE=1</value>
    </metric>
</metrics>
</coverity>
