<?xml version="1.0" encoding="UTF-8"?>
<!DOCTYPE coverity SYSTEM "coverity_config.dtd">
<coverity>
<!-- THIS FILE IS AUTOMATICALLY GENERATED - YOU MAY ADD XML ENTITIES -->
<!-- TO UPDATE THE COMPILER CONFIGURATION AFTER THE begin_command_line_config ENTITY. -->

    <cit_version>1</cit_version>
    <config>
      <build>
        <compiler>
          <comp_name>ld</comp_name>
          <comp_dir>d:\a\_temp\msys64\mingw64\bin</comp_dir>
          <comp_translator>ld</comp_translator>
          <comp_lang>C++</comp_lang>
          <comp_front_end>cov-emit</comp_front_end>
          <comp_desc>GNU C/C++ Linker</comp_desc>
          <comp_generic>ld</comp_generic>
          <id>ld-ld-631deea331013e3727c686ce3ff1edbe-0</id>
          <is_compiler>false</is_compiler>
          <is_linker>true</is_linker>
        </compiler>
        <options>
          <id>ld-ld-631deea331013e3727c686ce3ff1edbe-0</id>
          <template_config_option_id>ld-ld-.*</template_config_option_id>
          <link_options></link_options>
          <library_search_path>/mingw64/x86_64-w64-mingw32/lib</library_search_path>
          <library_search_path>/mingw64/lib</library_search_path>
          <library_search_path>/usr/local/lib</library_search_path>
          <library_search_path>/lib</library_search_path>
          <library_search_path>/usr/lib</library_search_path>
          <begin_command_line_config></begin_command_line_config>
        </options>
      </build>
    </config>
    <md5>1e80bd3c861c4209e61619723f527e97</md5>
</coverity>

