<?xml version="1.0" encoding="UTF-8"?>
<!DOCTYPE coverity SYSTEM "coverity_config.dtd">
<coverity>
<!-- THIS FILE IS AUTOMATICALLY GENERATED - YOU MAY ADD XML ENTITIES -->
<!-- TO UPDATE THE COMPILER CONFIGURATION AFTER THE begin_command_line_config ENTITY. -->

    <cit_version>1</cit_version>
    <config>
      <build>
        <compiler>
          <comp_name>ar</comp_name>
          <comp_dir>d:\a\_temp\msys64\mingw64\bin</comp_dir>
          <comp_translator>ar</comp_translator>
          <comp_lang>C++</comp_lang>
          <comp_front_end>cov-emit</comp_front_end>
          <comp_desc>UNIX-like 'ar` archiver</comp_desc>
          <comp_generic>ar</comp_generic>
          <id>ar-ar-3e23c0d7c12e65c223cd06e965dbaa05-0</id>
          <is_compiler>false</is_compiler>
          <is_linker>true</is_linker>
        </compiler>
        <options>
          <id>ar-ar-3e23c0d7c12e65c223cd06e965dbaa05-0</id>
          <template_config_option_id>ar-ar-.*</template_config_option_id>
          <link_options></link_options>
          <pre_trans>
            <options>
              <intern_trans>ar_pre_translate</intern_trans>
            </options>
          </pre_trans>
          <begin_command_line_config></begin_command_line_config>
        </options>
      </build>
    </config>
    <md5>7432ab366e2010b59b3ed0760a32f43a</md5>
</coverity>

