<?xml version="1.0" encoding="UTF-8"?>
<!DOCTYPE coverity SYSTEM "coverity_config.dtd">
<coverity>
<!-- THIS FILE IS AUTOMATICALLY GENERATED - YOU MAY ADD XML ENTITIES -->
<!-- TO UPDATE THE COMPILER CONFIGURATION AFTER THE begin_command_line_config ENTITY. -->

    <cit_version>1</cit_version>
    <config>
      <build>
        <compiler>
          <comp_name>gcc-ranlib</comp_name>
          <comp_dir>d:\a\_temp\msys64\mingw64\bin</comp_dir>
          <comp_translator>g++</comp_translator>
          <comp_lang>C++</comp_lang>
          <comp_front_end>cov-emit</comp_front_end>
          <comp_desc>GNU C++ Compiler</comp_desc>
          <comp_next_type>g++cc</comp_next_type>
          <comp_generic>gnu</comp_generic>
          <comp_require></comp_require>
          <id>g++-gcc-ranlib-631deea331013e3727c686ce3ff1edbe-0</id>
          <is_compiler>true</is_compiler>
          <is_linker>true</is_linker>
        </compiler>
        <options>
          <id>g++-gcc-ranlib-631deea331013e3727c686ce3ff1edbe-0</id>
          <template_config_option_id>g++-gcc-ranlib-.*</template_config_option_id>
          <compile_options></compile_options>
          <dryrun_switch>-E</dryrun_switch>
          <dryrun_switch>-v</dryrun_switch>
          <dump_macros_arg>-dM</dump_macros_arg>
          <dump_macros_arg>-E</dump_macros_arg>
          <preprocess_remove_arg>-o.+</preprocess_remove_arg>
          <preprocess_remove_arg>-c</preprocess_remove_arg>
          <preprocess_remove_arg>-Werror</preprocess_remove_arg>
          <preprocess_remove_next_arg>-o</preprocess_remove_next_arg>
          <preprocess_switch>-xc++</preprocess_switch>
          <preprocess_switch>-E</preprocess_switch>
          <preprocess_switch>-U__BLOCKS__</preprocess_switch>
          <preprocess_compile_switch>-C</preprocess_compile_switch>
          <preprocess_output>-</preprocess_output>
          <dryrun_output>2</dryrun_output>
          <pre_preinclude_file>$CONFIGDIR$\coverity-compiler-compat.h</pre_preinclude_file>
          <macro_pre_preinclude_file>$CONFIGDIR$\coverity-macro-compat.h</macro_pre_preinclude_file>
          <prepend_arg>--coverity_config_md5=7a9cf05a568c04ef3833cf9f1a5ff8ee</prepend_arg>
          <prepend_arg>--add_type_modifier=__coverity___fpreg</prepend_arg>
          <prepend_arg>--add_type_modifier=__coverity_decimal</prepend_arg>
          <prepend_arg>--add_type_modifier=__coverity_float</prepend_arg>
          <prepend_arg>--add_type_modifier=__coverity_floatx</prepend_arg>
          <prepend_arg>--no_predefined_feature_test_macros</prepend_arg>
          <prepend_arg>--no_stdarg_builtin</prepend_arg>
          <prepend_arg>--enable_128bit_int</prepend_arg>
          <prepend_arg>--no_predefined_cplusplus</prepend_arg>
          <prepend_arg>-w</prepend_arg>
          <prepend_arg>--no_predefines</prepend_arg>
          <prepend_arg>--wchar_t_keyword</prepend_arg>
          <skip_file>conftest\.c{1,2}$</skip_file>
          <skip_file>conftest\.cpp$</skip_file>
          <skip_file>cgo-cc-input-[0-9]+\.(c|cc|cpp|cxx)</skip_file>
          <opt_preinclude_file>$CONFIGDIR$/../user_nodefs.h</opt_preinclude_file>
          <pch_options>
            <archetype>gcc</archetype>
          </pch_options>
          <link_options></link_options>
          <pre_trans>
            <options>
              <pre_prepend_arg>-coverity_c_suffixes_are_cxx</pre_prepend_arg>
            </options>
          </pre_trans>
          <trans>
            <options>
              <includes_from_env_var>CPLUS_INCLUDE_PATH</includes_from_env_var>
              <pre_prepend_arg>--c++</pre_prepend_arg>
            </options>
          </trans>
          <expand>
            <options>
              <replace_arg_regex>
                <replace>@(.*)</replace>
                <with>--coverity_resp_file=$1</with>
              </replace_arg_regex>
            </options>
          </expand>
          <pre_trans>
            <options>
              <intern_trans>gnu_pre_translate</intern_trans>
            </options>
          </pre_trans>
          <trans>
            <options>
              <includes_from_env_var>CPATH</includes_from_env_var>
              <includes_from_env_var_empty_is_cwd>true</includes_from_env_var_empty_is_cwd>
            </options>
          </trans>
          <begin_command_line_config></begin_command_line_config>
        </options>
      </build>
    </config>
    <md5>4b9c9866a36900c80a9ce00a84cbc58f</md5>
</coverity>

